Year,Item,Dry Cargo Liner,Dry Cargo Bulk Carrier,Oil Tanker,Passenger-cum-Cargo,Off-shore Supply,Specialised for Off-shore Services,Timber Carrier,Total
1980,No. of Vessels,38.0,,10.0,10.0,,,,58.0
1980,GRT,128.0,,98.0,28.0,,,,254.0
1980,DWT,,,,,,,,
1981,No. of Vessels,39.0,,16.0,10.0,,,,65.0
1981,GRT,119.0,,153.0,28.0,,,,300.0
1981,DWT,,,,,,,,
1982,No. of Vessels,39.0,,18.0,11.0,,,,68.0
1982,GRT,120.0,,188.0,30.0,,,,338.0
1982,DWT,,,,,,,,
1983,No. of Vessels,41.0,,18.0,13.0,,,,72.0
1983,GRT,113.0,,188.0,36.0,,,,337.0
1983,DWT,,,,,,,,
1984,No. of Vessels,41.0,,18.0,13.0,24.0,,,96.0
1984,GRT,104.0,,188.0,36.0,27.0,,,355.0
1984,DWT,,,,,,,,
1985,No. of Vessels,24.0,,18.0,12.0,41.0,,,95.0
1985,GRT,20.0,,191.0,35.0,50.0,,,296.0
1985,DWT,,,,,,,,
1986,No. of Vessels,27.0,,18.0,13.0,58.0,,,116.0
1986,GRT,78.0,,191.0,44.0,69.0,,,382.0
1986,DWT,,,,,,,,
1987,No. of Vessels,31.0,,18.0,13.0,65.0,,,127.0
1987,GRT,108.0,,191.0,44.0,95.0,,,438.0
1987,DWT,,,,,,,,
1988,No. of Vessels,35.0,,16.0,14.0,73.0,,,138.0
1988,GRT,110.0,,174.0,39.0,120.0,,,443.0
1988,DWT,,,,,,,,
1989,No. of Vessels,35.0,,15.0,14.0,87.0,,,151.0
1989,GRT,110.0,,171.0,39.0,157.0,,,477.0
1989,DWT,,,,,,,,
1990,No. of Vessels,32.0,6.0,15.0,14.0,63.0,31.0,1.0,162.0
1990,GRT,25.0,121.0,171.0,39.0,68.0,95.0,4.0,523.0
1990,DWT,45.0,189.0,268.0,20.0,76.0,71.0,6.0,675.0
1991,No. of Vessels,32.0,10.0,18.0,13.0,63.0,32.0,1.0,169.0
1991,GRT,25.0,127.0,193.0,49.0,68.0,95.0,4.0,561.0
1991,DWT,46.0,198.0,300.0,23.0,76.0,71.0,6.0,720.0
1992,No. of Vessels,38.0,20.0,16.0,12.0,67.0,33.0,1.0,187.0
1992,GRT,29.0,235.0,154.0,59.0,74.0,85.0,4.0,640.0
1992,DWT,52.0,384.0,235.0,26.0,85.0,62.0,6.0,850.0
1993,No. of Vessels,44.0,23.0,16.0,12.0,73.0,33.0,1.0,202.0
1993,GRT,32.0,217.0,154.0,59.0,91.0,85.0,4.0,642.0
1993,DWT,54.0,352.0,235.0,26.0,92.0,62.0,6.0,827.0
1994,No. of Vessels,61.0,13.0,17.0,13.0,74.0,27.0,1.0,206.0
1994,GRT,46.0,247.0,150.0,60.0,91.0,83.0,4.0,681.0
1994,DWT,66.0,410.0,234.0,26.0,92.0,63.0,6.0,897.0
1995,No. of Vessels,72.0,13.0,18.0,15.0,73.0,27.0,1.0,219.0
1995,GRT,60.0,247.0,155.0,60.0,89.0,83.0,4.0,698.0
1995,DWT,80.0,410.0,245.0,26.0,90.0,63.0,6.0,920.0
1996,No. of Vessels,88.0,12.0,17.0,15.0,71.0,27.0,1.0,231.0
1996,GRT,101.0,226.0,152.0,53.0,86.0,83.0,4.0,705.0
1996,DWT,72.0,369.0,240.0,23.0,87.0,63.0,6.0,860.0
1997,No. of Vessels,97.0,11.0,14.0,15.0,68.0,26.0,1.0,232.0
1997,GRT,107.0,192.0,138.0,52.0,83.0,78.0,4.0,654.0
1997,DWT,80.0,305.0,219.0,23.0,82.0,58.0,6.0,773.0
1998,No. of Vessels,109.0,12.0,15.0,15.0,69.0,26.0,1.0,247.0
1998,GRT,118.0,198.0,132.0,53.0,73.0,76.0,4.0,654.0
1998,DWT,89.0,313.0,213.0,23.0,81.0,57.0,6.0,782.0
1999,No. of Vessels,124.0,12.0,16.0,22.0,68.0,27.0,,269.0
1999,GRT,129.0,194.0,139.0,68.0,73.0,77.0,,680.0
1999,DWT,89.0,306.0,221.0,28.0,81.0,57.0,,782.0
2000,No. of Vessels,164.0,12.0,16.0,23.0,69.0,28.0,,312.0
2000,GRT,158.0,194.0,132.0,68.0,74.0,83.0,,709.0
2000,DWT,128.0,306.0,172.0,28.0,85.0,61.0,,780.0
2001,No. of Vessels,178.0,13.0,16.0,26.0,69.0,27.0,,229.0
2001,GRT,184.0,205.0,118.0,71.0,74.0,79.0,,731.0
2001,DWT,150.0,323.0,179.0,28.0,85.0,59.0,,824.0
2002,No. of Vessels,261.0,9.0,17.0,33.0,73.0,31.0,,424.0
2002,GRT,236.0,226.0,100.0,76.0,78.0,89.0,,805.0
2002,DWT,195.0,350.0,150.0,26.0,96.0,53.0,,870.0
2003,No. of Vessels,263.0,9.0,17.0,36.0,73.0,31.0,,429.0
2003,GRT,236.0,226.0,100.0,77.0,78.0,89.0,,806.0
2003,DWT,195.0,351.0,149.0,25.0,96.0,53.0,,869.0
2004,No. of Vessels,282.0,9.0,16.0,37.0,78.0,32.0,,454.0
2004,GRT,238.0,226.0,96.0,77.0,81.0,90.0,,808.0
2004,DWT,187.0,350.0,144.0,25.0,98.0,54.0,,858.0
2005,No. of Vessels,305.0,10.0,14.0,38.0,82.0,36.0,,485.0
2005,GRT,248.0,234.0,85.0,77.0,85.0,87.0,,816.0
2005,DWT,182.99,362.677,122.721,24.739,99.686,51.565,,844.378
2006,No. of Vessels,332.0,10.0,15.0,46.0,87.0,36.0,,526.0
2006,GRT,272.0,234.0,87.0,79.0,87.0,82.0,,841.0
2006,DWT,203.0,363.0,131.0,26.0,102.0,47.0,,872.0
2007,No. of Vessels,359.0,11.0,17.0,57.0,94.0,35.0,,573.0
2007,GRT,303.0,234.0,88.0,92.0,95.0,81.0,,893.0
2007,DWT,258.0,363.0,134.0,28.0,111.0,47.0,,941.0
2008,No. of Vessels,385.0,11.0,17.0,69.0,99.0,35.0,,616.0
2008,GRT,331.0,234.0,114.0,98.0,101.0,86.0,,964.0
2008,DWT,285.0,363.0,155.0,29.0,122.0,47.0,,1001.0
2009,No. of Vessels,409.0,12.0,18.0,81.0,104.0,38.0,,662.0
2009,GRT,350.0,236.0,99.0,99.0,108.0,88.0,,980.0
2009,DWT,293.0,365.0,132.0,29.0,125.0,50.0,,994.0
2010,No. of Vessels,434.0,12.0,18.0,88.0,110.0,38.0,,700.0
2010,GRT,364.0,237.0,99.0,106.0,119.0,88.0,,1013.0
2010,DWT,294.0,365.0,132.0,29.0,134.0,51.0,,1005.0
2011,No. of Vessels,476.0,15.0,19.0,89.0,113.0,38.0,,750.0
2011,GRT,386.0,242.0,100.0,109.0,123.0,88.0,,1048.0
2011,DWT,313.0,368.0,132.0,29.0,134.0,51.0,,1027.0
2012,No. of Vessels,518.0,26.0,19.0,92.0,111.0,38.0,,804.0
2012,GRT,426.0,240.0,100.0,112.0,121.0,88.0,,1087.0
2012,DWT,364.0,368.0,132.0,29.0,120.0,51.0,,1064.0
2013,No. of Vessels,545.0,31.0,18.0,94.0,105.0,42.0,,835.0
2013,GRT,500.0,248.0,75.0,107.0,114.0,91.0,,1135.0
2013,DWT,493.0,368.0,91.0,29.0,113.0,54.0,,1148.0
2014,No. of Vessels,549.0,37.0,20.0,99.0,100.0,41.0,,846.0
2014,GRT,520.0,258.0,97.0,143.0,110.0,90.0,,1218.0
2014,DWT,512.0,379.0,121.0,34.0,108.0,54.0,,1208.0
